contestant;age;location;season;miss-congeniality;casting-special;design;girl-groups;improv;improv-2;runway;choreo;advert;advert-2;makeover;singing;singing-2;rusical;rusical-2;acting;snatch-game;design-2;design-3;stand-up;talent-show;acting-2;main-ball;ball-2;chapter-ball-recap;music-video;Lip Sync;rumix;finale
Bebe Zahara Benet;28;Minneapolis, MN;1;0;N/A;SAFE;SAFE;WIN;N/A;N/A;N/A;HIGH;N/A;BTM2;N/A;N/A;N/A;N/A;N/A;N/A;N/A;N/A;N/A;N/A;N/A;WIN;N/A;RUN;N/A;N/A;N/A;WINNER
Nina Flowers;34;Denver, CO;1;1;N/A;WIN;"HIGH
TEAM";HIGH;N/A;N/A;N/A;HIGH;N/A;LOW;N/A;N/A;N/A;N/A;N/A;N/A;N/A;N/A;N/A;N/A;N/A;"HIGH 


MiniChall.Winner";N/A;RUN;N/A;N/A;N/A;RUNNERUP
Rebecca Glasscock;26;Ft. Lauderdale, FL;1;0;N/A;LOW;"HIGH
TEAM";HIGH;N/A;N/A;N/A;BTM2;N/A;"WIN


MiniChall.Winner";N/A;N/A;N/A;N/A;N/A;N/A;N/A;N/A;N/A;N/A;N/A;BTM2;N/A;RUN;N/A;N/A;N/A;ELIM
Shannel;29;Las Vegas, NV;1;0;N/A;SAFE;"HIGH
TEAM";BTM2;N/A;N/A;N/A;LOW;N/A;HIGH;N/A;N/A;N/A;N/A;N/A;N/A;N/A;N/A;N/A;N/A;N/A;ELIM;N/A;;N/A;N/A;N/A;
Ongina;26;Los Angeles, CA;1;0;N/A;HIGH;"WIN

TeamCaptain";HIGH;N/A;N/A;N/A;WIN;N/A;ELIM;N/A;N/A;N/A;N/A;N/A;N/A;N/A;N/A;N/A;N/A;N/A;;N/A;;N/A;N/A;N/A;
Jade;25;Chicago, IL;1;0;N/A;SAFE;SAFE;LOW;N/A;N/A;N/A;"ELIM


MiniChall.Winner";N/A;;N/A;N/A;N/A;N/A;N/A;N/A;N/A;N/A;N/A;N/A;N/A;;N/A;;N/A;N/A;N/A;
Akashia;24;Cleveland, OH;1;0;N/A;BTM2;"BTM2

TeamCaptain";ELIM;N/A;N/A;N/A;;N/A;;N/A;N/A;N/A;N/A;N/A;N/A;N/A;N/A;N/A;N/A;N/A;;N/A;;N/A;N/A;N/A;
Tammie Brown;29;Long Beach, CA;1;0;N/A;SAFE;ELIM;;N/A;N/A;N/A;;N/A;;N/A;N/A;N/A;N/A;N/A;N/A;N/A;N/A;N/A;N/A;N/A;;N/A;;N/A;N/A;N/A;
Victoria Parker;39;Raleigh, NC;1;0;N/A;ELIM;;;N/A;N/A;N/A;;N/A;;N/A;N/A;N/A;N/A;N/A;N/A;N/A;N/A;N/A;N/A;N/A;;N/A;;N/A;N/A;N/A;
Tyra Sanchez;21;Orlando, FL;2;0;N/A;HIGH;N/A;N/A;N/A;N/A;"HIGH
TEAM";HIGH;N/A;HIGH;LOW;N/A;N/A;N/A;WIN;SAFE;WIN;N/A;N/A;N/A;N/A;"WIN


MiniChall.Winner";N/A;RUN;N/A;N/A;N/A;WINNER
Raven;30;Riverside, CA;2;0;N/A;"SAFE


MiniChall.Winner";N/A;N/A;N/A;N/A;BTM2;WIN;N/A;WIN;HIGH;N/A;N/A;N/A;BTM2;"SAFE


MiniChall.Winner";"HIGH 


MiniChall.Winner";N/A;N/A;N/A;N/A;HIGH;N/A;RUN;N/A;N/A;N/A;RUNNERUP
Jujubee;25;Boston, MA;2;0;N/A;SAFE;N/A;N/A;N/A;N/A;"HIGH
TEAM";"HIGH 


MiniChall.Winner";N/A;BTM2;BTM2;N/A;N/A;N/A;SAFE;LOW;HIGH;N/A;N/A;N/A;N/A;BTM2;N/A;RUN;N/A;N/A;N/A;ELIM
Tatianna;21;Falls Church, VA;2;0;N/A;SAFE;N/A;N/A;N/A;N/A;SAFE;BTM2;N/A;"HIGH 


MiniChall.Winner";SAFE;N/A;N/A;N/A;SAFE;WIN;LOW;N/A;N/A;N/A;N/A;ELIM;N/A;;N/A;N/A;N/A;
Pandora Boxx;37;Rochester, NY;2;1;N/A;HIGH;N/A;N/A;N/A;N/A;"SAFE

TeamCaptain";LOW;N/A;ELIM;"HIGH 


MiniChall.Winner";N/A;N/A;N/A;HIGH;HIGH;SAFE;N/A;N/A;N/A;N/A;;N/A;;N/A;N/A;N/A;
Jessica Wild;29;San Juan, PR;2;0;N/A;SAFE;N/A;N/A;N/A;N/A;"HIGH
TEAM";ELIM;N/A;;WIN;N/A;N/A;N/A;HIGH;SAFE;HIGH;N/A;N/A;N/A;N/A;;N/A;;N/A;N/A;N/A;
Sahara Davenport;25;New York, NY;2;0;N/A;BTM2;N/A;N/A;N/A;N/A;"WIN

TeamCaptain";;N/A;;ELIM;N/A;N/A;N/A;SAFE;SAFE;BTM2;N/A;N/A;N/A;N/A;;N/A;;N/A;N/A;N/A;
Morgan McMichaels;28;Mira Loma, CA;2;0;N/A;WIN;N/A;N/A;N/A;N/A;SAFE;;N/A;;;N/A;N/A;N/A;"SAFE

TeamCaptain";BTM2;ELIM;N/A;N/A;N/A;N/A;;N/A;;N/A;N/A;N/A;
Sonique;26;Atlanta, GA;2;0;N/A;SAFE;N/A;N/A;N/A;N/A;LOW;;N/A;;;N/A;N/A;N/A;SAFE;ELIM;;N/A;N/A;N/A;N/A;;N/A;;N/A;N/A;N/A;
Mystique Summers Madison;25;Bedford, TX;2;0;N/A;LOW;N/A;N/A;N/A;N/A;"HIGH
TEAM";;N/A;;;N/A;N/A;N/A;"ELIM

TeamCaptain";;;N/A;N/A;N/A;N/A;;N/A;;N/A;N/A;N/A;
Nicole Paige Brooks;36;Atlanta, GA;2;0;N/A;SAFE;N/A;N/A;N/A;N/A;ELIM;;N/A;;;N/A;N/A;N/A;;;;N/A;N/A;N/A;N/A;;N/A;;N/A;N/A;N/A;
Shangela Laquifa Wadley;28;Studio City, CA;2;0;N/A;ELIM;N/A;N/A;N/A;N/A;;;N/A;;;N/A;N/A;N/A;;;;N/A;N/A;N/A;N/A;;N/A;;N/A;N/A;N/A;
Raja;36;"Los Angeles,
CA";3;0;IN;"WIN


MiniChall.Winner";N/A;SAFE;N/A;N/A;N/A;SAFE;LOW;BTM2;WIN;N/A;N/A;N/A;SAFE;HIGH;WIN;N/A;HIGH;N/A;N/A;"HIGH 


MiniChall.Winner";HIGH;RUN;N/A;N/A;N/A;WINNER
Manila Luzon;28;"New York,
NY";3;0;IN;HIGH;N/A;WIN;N/A;N/A;N/A;"SAFE

TeamCaptain";"LOW 


MiniChall.Winner";WIN;"HIGH 


MiniChall.Winner";N/A;N/A;N/A;SAFE;SAFE;HIGH;N/A;BTM2;N/A;N/A;HIGH;WIN;RUN;N/A;N/A;N/A;RUNNERUP
Alexis Mateo;30;"St. Petersburg,
FL";3;0;IN;SAFE;N/A;SAFE;N/A;N/A;N/A;WIN;WIN;"HIGH 


MiniChall.Winner";LOW;N/A;N/A;N/A;WIN;HIGH;BTM2;N/A;LOW;N/A;N/A;BTM2;BTM2;RUN;N/A;N/A;N/A;ELIM
Yara Sofia (miss);26;"Manat,
PR";3;1;IN;SAFE;N/A;SAFE;N/A;N/A;N/A;HIGH;BTM2;HIGH;SAFE;N/A;N/A;N/A;"HIGH
TEAM";LOW;HIGH;N/A;HIGH;N/A;N/A;WIN;"ELIM


MiniChall.Winner";;N/A;N/A;N/A;
Carmen Carrera;25;"Elmwood Park,
NJ";3;0;IN;LOW;N/A;"SAFE

TeamCaptain";N/A;N/A;N/A;"SAFE

TeamCaptain";BTM2;"RTRN
+
ELIM";ELIM;N/A;N/A;N/A;LOW;SAFE;"LOW 


MiniChall.Winner";N/A;HIGH;N/A;N/A;;;;;N/A;N/A;
Shangela;29;"Los Angeles,
CA";3;0;;BTM2;N/A;HIGH;N/A;N/A;N/A;SAFE;HIGH;;BTM2;N/A;N/A;N/A;WIN;SAFE;LOW;N/A;"WIN


MiniChall.Winner";N/A;N/A;ELIM;;;N/A;N/A;N/A;
Delta Work;34;"Norwalk,
CA";3;0;OPENCALL;SAFE;N/A;SAFE;N/A;N/A;N/A;SAFE;;;;N/A;N/A;N/A;BTM2;"BTM2


MiniChall.Winner";HIGH;N/A;ELIM;N/A;N/A;;;;N/A;N/A;N/A;
Stacy Layne Matthews;25;"Back Swamp,
NC";3;0;IN;SAFE;N/A;"BTM2

TeamCaptain";N/A;N/A;N/A;HIGH;;;;N/A;N/A;N/A;"HIGH
TEAM";WIN;ELIM;N/A;;N/A;N/A;;;;N/A;N/A;N/A;
Mariah;29;"Atlanta,
GA";3;0;IN;SAFE;N/A;LOW;N/A;N/A;N/A;LOW;;;;N/A;N/A;N/A;"HIGH
TEAM 

TeamCaptain";ELIM;;N/A;;N/A;N/A;;;;N/A;N/A;N/A;
India Ferrah;23;"Dayton,
OH";3;0;IN;SAFE;N/A;ELIM;N/A;N/A;N/A;BTM2;;;;N/A;N/A;N/A;SAFE;;;N/A;;N/A;N/A;;;;N/A;N/A;N/A;
Mimi Imfurst;27;"New York,
NY";3;0;IN;HIGH;N/A;;N/A;N/A;N/A;ELIM;;;;N/A;N/A;N/A;"HIGH
TEAM";;;N/A;;N/A;N/A;;;;N/A;N/A;N/A;
Phoenix;29;"Atlanta,
GA";3;0;IN;SAFE;N/A;;N/A;N/A;N/A;;;;;N/A;N/A;N/A;"ELIM

TeamCaptain";;;N/A;;N/A;N/A;;;;N/A;N/A;N/A;
Venus D-Lite;26;"Los Angeles,
CA";3;0;OPENCALL;ELIM;N/A;;N/A;N/A;N/A;;;;;N/A;N/A;N/A;;;;N/A;;N/A;N/A;;;;N/A;N/A;N/A;
Sharon Needles;29;"Pittsburgh,
PA";4;0;N/A;WIN;N/A;WIN;N/A;N/A;N/A;WIN;HIGH;LOW;BTM2;N/A;N/A;N/A;SAFE;HIGH;SAFE;N/A;N/A;N/A;N/A;WIN;N/A;RUN;TOP3;N/A;N/A;WINNER
Chad Michaels;40;"San Diego,
CA";4;0;N/A;SAFE;N/A;HIGH;N/A;N/A;N/A;HIGH;LOW;HIGH;SAFE;N/A;N/A;N/A;"HIGH
TEAM";WIN;SAFE;N/A;N/A;N/A;N/A;"BTM2


MiniChall.Winner";N/A;RUN;TOP3;N/A;N/A;RUNNERUP
Phi Phi O'Hara;25;"Chicago,
IL";4;0;N/A;SAFE;N/A;"LOW 


MiniChall.Winner";N/A;N/A;N/A;"SAFE

TeamCaptain";WIN;WIN;BTM2;N/A;N/A;N/A;"HIGH
TEAM";"LOW 


MiniChall.Winner";HIGH;N/A;N/A;N/A;N/A;HIGH;N/A;RUN;TOP3;N/A;N/A;RUNNERUP
Latrice Royale;39;"South Beach,
FL";4;1;N/A;SAFE;N/A;BTM2;N/A;N/A;N/A;SAFE;"LOW 


MiniChall.Winner";BTM2;WIN;N/A;N/A;N/A;WIN;SAFE;HIGH;N/A;N/A;N/A;N/A;ELIM;N/A;;;N/A;N/A;MISSCON
Kenya Michaels;21;"Dorado,
PR";4;0;N/A;LOW;N/A;;N/A;N/A;N/A;"HIGH 

TeamCaptain";;"RTRN
+
ELIM


MiniChall.Winner";;N/A;N/A;N/A;LOW;ELIM;;N/A;N/A;N/A;N/A;;N/A;;;N/A;N/A;GUEST
Dida Ritz;25;"Chicago,
IL";4;0;N/A;SAFE;N/A;ELIM;N/A;N/A;N/A;BTM2;SAFE;;SAFE;N/A;N/A;N/A;SAFE;SAFE;LOW;N/A;N/A;N/A;N/A;;N/A;;;N/A;N/A;GUEST
Willam;29;"Los Angeles,
CA";4;0;N/A;SAFE;N/A;;N/A;N/A;N/A;SAFE;BTM2;;"WIN
+
DISQ";N/A;N/A;N/A;"HIGH
TEAM 

TeamCaptain";HIGH;"WIN


MiniChall.Winner";N/A;N/A;N/A;N/A;;N/A;;;N/A;N/A;GUEST
Jiggly Caliente;30;"New York,
NY";4;0;N/A;"BTM2


MiniChall.Winner";N/A;;N/A;N/A;N/A;"SAFE


MiniChall.Winner";ELIM;;;N/A;N/A;N/A;"HIGH
TEAM";SAFE;BTM2;N/A;N/A;N/A;N/A;;N/A;;;N/A;N/A;GUEST
Milan;36;"New York,
NY";4;0;N/A;SAFE;N/A;;N/A;N/A;N/A;SAFE;;;;N/A;N/A;N/A;BTM2;BTM2;ELIM;N/A;N/A;N/A;N/A;;N/A;;;N/A;N/A;GUEST
Madame LaQueer;29;"Carolina,
PR";4;0;N/A;SAFE;N/A;;N/A;N/A;N/A;LOW;;;;N/A;N/A;N/A;"ELIM

TeamCaptain";;;N/A;N/A;N/A;N/A;;N/A;;;N/A;N/A;GUEST
The Princess;31;"Chicago,
IL";4;0;N/A;HIGH;N/A;;N/A;N/A;N/A;ELIM;;;;N/A;N/A;N/A;;;;N/A;N/A;N/A;N/A;;N/A;;;N/A;N/A;GUEST
Lashauwn Beyond;21;"Fort Lauderdale,
FL";4;0;N/A;HIGH;N/A;;N/A;N/A;N/A;;;;;N/A;N/A;N/A;;;;N/A;N/A;N/A;N/A;;N/A;;;N/A;N/A;GUEST
Alisa Summers;23;"Tampa,
FL";4;0;N/A;ELIM;N/A;;N/A;N/A;N/A;;;;;N/A;N/A;N/A;;;;N/A;N/A;N/A;N/A;;N/A;;;N/A;N/A;GUEST
Jinkx Monsoon;25;"Seattle,
WA";5;0;N/A;SAFE;N/A;HIGH;N/A;N/A;"HIGH 

TeamCaptain";HIGH;N/A;HIGH;HIGH;N/A;N/A;N/A;SAFE;WIN;N/A;N/A;N/A;N/A;WIN;BTM2;N/A;RUN;TOP3;N/A;N/A;WINNER
Alaska;27;"Pittsburgh,
PA";5;0;N/A;HIGH;N/A;"LOW 

TeamCaptain";N/A;N/A;SAFE;WIN;N/A;"LOW 


MiniChall.Winner";LOW;N/A;N/A;N/A;SAFE;HIGH;N/A;N/A;N/A;N/A;HIGH;"WIN


MiniChall.Winner";N/A;RUN;TOP3;N/A;N/A;RUNNERUP
Roxxxy Andrews;28;"Orlando,
FL";5;0;N/A;WIN;N/A;HIGH;N/A;N/A;LOW;LOW;N/A;WIN;HIGH;N/A;N/A;N/A;SAFE;"HIGH 


MiniChall.Winner";N/A;N/A;N/A;N/A;HIGH;HIGH;N/A;RUN;TOP3;N/A;N/A;RUNNERUP
Detox;27;"Los Angeles,
CA";5;0;N/A;"SAFE


MiniChall.Winner";N/A;WIN;N/A;N/A;SAFE;HIGH;N/A;BTM2;"SAFE


MiniChall.Winner";N/A;N/A;N/A;"SAFE

TeamCaptain";"BTM2


MiniChall.Winner";N/A;N/A;N/A;N/A;"LOW 

TeamCaptain";ELIM;N/A;;;N/A;N/A;GUEST
Coco Montrese;37;"Las Vegas,
NV";5;0;N/A;SAFE;N/A;BTM2;N/A;N/A;"SAFE

TeamCaptain";LOW;N/A;ELIM;BTM2;N/A;N/A;N/A;SAFE;SAFE;N/A;N/A;N/A;N/A;BTM2;;N/A;;;N/A;N/A;GUEST
Alyssa Edwards;32;"Mesquite,
TX";5;0;N/A;SAFE;N/A;SAFE;N/A;N/A;WIN;BTM2;N/A;;LOW;N/A;N/A;N/A;SAFE;"SAFE


MiniChall.Winner";N/A;N/A;N/A;N/A;"ELIM

TeamCaptain";;N/A;;;N/A;N/A;GUEST
Ivy Winters;26;"New York,
NY";5;1;N/A;HIGH;N/A;SAFE;N/A;N/A;HIGH;"ELIM


MiniChall.Winner";N/A;;WIN;N/A;N/A;N/A;"HIGH
TEAM 

TeamCaptain";LOW;N/A;N/A;N/A;N/A;;;N/A;;;N/A;N/A;MISSCON
Jade Jolie;25;"Gainesville,
FL";5;0;N/A;LOW;N/A;SAFE;N/A;N/A;SAFE;;N/A;;ELIM;N/A;N/A;N/A;SAFE;SAFE;N/A;N/A;N/A;N/A;;;N/A;;;N/A;N/A;GUEST
Lineysha Sparx;24;"San Juan,
PR";5;0;N/A;HIGH;N/A;"SAFE

TeamCaptain";N/A;N/A;SAFE;;N/A;;;N/A;N/A;N/A;WIN;ELIM;N/A;N/A;N/A;N/A;;;N/A;;;N/A;N/A;GUEST
Honey Mahogany;29;"San Francisco,
CA";5;0;N/A;SAFE;N/A;SAFE;N/A;N/A;ELIM;;N/A;;;N/A;N/A;N/A;"HIGH
TEAM";;N/A;N/A;N/A;N/A;;;N/A;;;N/A;N/A;GUEST
Vivienne Pinay;26;"New York,
NY";5;0;N/A;SAFE;N/A;LOW;N/A;N/A;ELIM;;N/A;;;N/A;N/A;N/A;"HIGH
TEAM";;N/A;N/A;N/A;N/A;;;N/A;;;N/A;N/A;GUEST
Monica Beverly Hillz;27;"Owensboro,
KY";5;0;N/A;SAFE;N/A;ELIM;N/A;N/A;;;N/A;;;N/A;N/A;N/A;BTM2;;N/A;N/A;N/A;N/A;;;N/A;;;N/A;N/A;GUEST
Serena ChaCha;21;"Tallahassee,
FL";5;0;N/A;BTM2;N/A;;N/A;N/A;;;N/A;;;N/A;N/A;N/A;"ELIM

TeamCaptain";;N/A;N/A;N/A;N/A;;;N/A;;;N/A;N/A;GUEST
Penny Tration;39;"Cincinnati,
OH";5;0;N/A;ELIM;N/A;;N/A;N/A;;;N/A;;;N/A;N/A;N/A;;;N/A;N/A;N/A;N/A;;;N/A;;;N/A;N/A;GUEST
"Bianca Del Rio
(Group 2)";38;"New York
City, NY";6;0;N/A;;HIGH;SAFE;N/A;N/A;N/A;HIGH;N/A;"WIN


MiniChall.Winner";N/A;N/A;SAFE;N/A;"HIGH
TEAM";HIGH;N/A;N/A;N/A;N/A;N/A;HIGH;N/A;RUN;TOP3;N/A;N/A;WINNER
"Adore Delano
(Group 1)";23;"Azusa,
CA";6;0;N/A;LOW;WIN;BTM2;N/A;N/A;N/A;WIN;N/A;BTM2;N/A;N/A;"HIGH 

TeamCaptain";N/A;"LOW 

TeamCaptain";HIGH;N/A;N/A;N/A;N/A;N/A;WIN;N/A;RUN;TOP3;N/A;N/A;RUNNERUP
"Courtney Act
(Group 2)";33;"West Hollywood,
CA";6;0;N/A;;SAFE;WIN;N/A;N/A;N/A;LOW;N/A;SAFE;N/A;N/A;WIN;N/A;"HIGH
TEAM";SAFE;N/A;N/A;N/A;N/A;N/A;LOW;N/A;RUN;TOP3;N/A;N/A;RUNNERUP
"Darienne Lake
(Group 2)";41;"Rochester,
NY";6;0;N/A;;"LOW 


MiniChall.Winner";SAFE;N/A;N/A;N/A;BTM2;N/A;LOW;N/A;N/A;LOW;N/A;WIN;SAFE;N/A;N/A;N/A;N/A;N/A;BTM2;N/A;;ELIM;N/A;N/A;GUEST
"BenDeLaCreme
(Group 1)";31;"Seattle,
WA";6;1;N/A;WIN;SAFE;"HIGH 


MiniChall.Winner";N/A;N/A;N/A;BTM2;N/A;HIGH;N/A;N/A;"HIGH 

TeamCaptain";N/A;SAFE;WIN;N/A;N/A;N/A;N/A;N/A;"ELIM


MiniChall.Winner";N/A;;;N/A;N/A;MISSCON
"Joslyn Fox
(Group 2)";26;"Worcester,
MA";6;0;N/A;;HIGH;LOW;N/A;N/A;N/A;LOW;N/A;ELIM;N/A;N/A;SAFE;N/A;"HIGH
TEAM";SAFE;N/A;N/A;N/A;N/A;N/A;;N/A;;;N/A;N/A;GUEST
"Trinity K. Bonet
(Group 2)";22;"Atlanta,
GA";6;0;N/A;;BTM2;ELIM;N/A;N/A;N/A;HIGH;N/A;;N/A;N/A;BTM2;N/A;"HIGH
TEAM";SAFE;N/A;N/A;N/A;N/A;N/A;;N/A;;;N/A;N/A;GUEST
"Laganja Estranja
(Group 1)";24;"Dallas,
TX";6;0;N/A;"SAFE


MiniChall.Winner";SAFE;;N/A;N/A;N/A;"WIN


MiniChall.Winner";N/A;;N/A;N/A;SAFE;N/A;SAFE;BTM2;N/A;N/A;N/A;N/A;N/A;;N/A;;;N/A;N/A;GUEST
"Milk
(Group 2)";25;"New York
City, NY";6;0;N/A;;ELIM;;N/A;N/A;N/A;;N/A;;N/A;N/A;SAFE;N/A;"HIGH
TEAM 

TeamCaptain";LOW;N/A;N/A;N/A;N/A;N/A;;N/A;;;N/A;N/A;GUEST
"Gia Gunn
(Group 1)";22;"Chicago,
IL";6;0;N/A;HIGH;;;N/A;N/A;N/A;;N/A;;N/A;N/A;SAFE;N/A;SAFE;ELIM;N/A;N/A;N/A;N/A;N/A;;N/A;;;N/A;N/A;GUEST
"April Carri√≥n
(Group 1)";23;"Guaynabo,
PR";6;0;N/A;HIGH;;;N/A;N/A;N/A;;N/A;;N/A;N/A;ELIM;N/A;BTM2;;N/A;N/A;N/A;N/A;N/A;;N/A;;;N/A;N/A;GUEST
"Vivacious
(Group 1)";40;"New York
City, NY";6;0;N/A;BTM2;;;N/A;N/A;N/A;;N/A;;N/A;N/A;;N/A;ELIM;;N/A;N/A;N/A;N/A;N/A;;N/A;;;N/A;N/A;GUEST
"Magnolia Crawford
(Group 2)";28;"Seattle,
WA";6;0;N/A;;;;N/A;N/A;N/A;;N/A;;N/A;N/A;;N/A;;;N/A;N/A;N/A;N/A;N/A;;N/A;;;N/A;N/A;GUEST
"Kelly Mantle
(Group 1)";37;"Los Angeles,
CA";6;0;N/A;ELIM;;;N/A;N/A;N/A;;N/A;;N/A;N/A;;N/A;;;N/A;N/A;N/A;N/A;N/A;;N/A;;;N/A;N/A;GUEST
Violet Chachki;22;"Atlanta,
GA";7;0;N/A;WIN;N/A;N/A;N/A;N/A;"WIN


MiniChall.Winner";N/A;N/A;HIGH;SAFE;LOW;HIGH;N/A;SAFE;SAFE;N/A;N/A;LOW;N/A;SAFE;WIN;N/A;RUN;TOP3;N/A;N/A;WINNER
Ginger Minj;29;"Orlando,
FL";7;0;N/A;SAFE;N/A;N/A;N/A;N/A;BTM2;N/A;N/A;BTM2;SAFE;WIN;"WIN

TeamCaptain";N/A;"HIGH
TEAM";WIN;N/A;N/A;SAFE;N/A;"HIGH
TEAM


MiniChall.Winner";"HIGH 


MiniChall.Winner";N/A;RUN;TOP3;N/A;N/A;RUNNERUP
Pearl;23;"Brooklyn,
NY";7;0;N/A;SAFE;N/A;N/A;N/A;N/A;SAFE;N/A;N/A;WIN;BTM2;BTM2;SAFE;N/A;LOW;SAFE;N/A;N/A;WIN;N/A;SAFE;HIGH;N/A;RUN;TOP3;N/A;N/A;RUNNERUP
Kennedy Davenport;33;"Dallas,
TX";7;0;N/A;HIGH;N/A;N/A;N/A;N/A;SAFE;N/A;N/A;"SAFE


MiniChall.Winner";WIN;HIGH;SAFE;N/A;"BTM2

TeamCaptain";WIN;N/A;N/A;HIGH;N/A;"HIGH
TEAM";BTM2;N/A;;ELIM;N/A;N/A;GUEST
Katya;32;"Boston,
MA";7;1;N/A;SAFE;N/A;N/A;N/A;N/A;WIN;N/A;N/A;HIGH;HIGH;HIGH;BTM2;N/A;SAFE;HIGH;N/A;N/A;"SAFE


MiniChall.Winner";N/A;WIN;ELIM;N/A;;;N/A;N/A;MISSCON
Trixie Mattel;24;"Milwaukee,
WI";7;0;N/A;SAFE;N/A;N/A;N/A;N/A;ELIM;N/A;N/A;RTRN;ELIM;"HIGH 


MiniChall.Winner";"SAFE

TeamCaptain";N/A;"HIGH
TEAM";;N/A;N/A;;N/A;;;N/A;;;N/A;N/A;GUEST
Miss Fame;29;"New York
City, NY";7;0;N/A;HIGH;N/A;N/A;N/A;N/A;;N/A;N/A;LOW;SAFE;ELIM;LOW;N/A;"HIGH
TEAM";LOW;N/A;N/A;SAFE;N/A;LOW;;N/A;;;N/A;N/A;GUEST
Jaidynn Diore Fierce;25;"Nashville,
TN";7;0;N/A;SAFE;N/A;N/A;N/A;N/A;;N/A;N/A;ELIM;HIGH;;SAFE;N/A;"HIGH
TEAM";BTM2;N/A;N/A;HIGH;N/A;BTM2;;N/A;;;N/A;N/A;GUEST
Max;22;"Hudson,
WI";7;0;N/A;SAFE;N/A;N/A;N/A;N/A;;N/A;N/A;OUT;SAFE;;SAFE;N/A;"WIN

TeamCaptain";ELIM;N/A;N/A;WIN;N/A;SAFE;;N/A;;;N/A;N/A;GUEST
Kandy Ho;28;"Cayey,
PR";7;0;N/A;BTM2;N/A;N/A;N/A;N/A;;N/A;N/A;OUT;LOW;;SAFE;N/A;SAFE;;N/A;N/A;BTM2;N/A;ELIM;;N/A;;;N/A;N/A;GUEST
Mrs. Kasha Davis;43;"Rochester,
NY";7;0;N/A;SAFE;N/A;N/A;N/A;N/A;;N/A;N/A;OUT;SAFE;;HIGH;N/A;"HIGH
TEAM";;N/A;N/A;"ELIM


MiniChall.Winner";N/A;;;;;;N/A;N/A;GUEST
Jasmine Masters;37;"Los Angeles,
CA";7;0;N/A;LOW;N/A;N/A;N/A;N/A;;N/A;N/A;OUT;;;SAFE;N/A;ELIM;;N/A;N/A;;N/A;;;N/A;;;N/A;N/A;GUEST
Sasha Belle;28;"Iowa City,
IA";7;0;N/A;LOW;N/A;N/A;N/A;N/A;;N/A;N/A;OUT;;;ELIM;N/A;;;N/A;N/A;;N/A;;;N/A;;;N/A;N/A;GUEST
Tempest DuJour;47;"Tucson,
AZ";7;0;N/A;ELIM;N/A;N/A;N/A;N/A;;N/A;N/A;OUT;;;;N/A;;;N/A;N/A;;N/A;;;N/A;;;N/A;N/A;GUEST
Bob The Drag Queen;29;New York, NY;8;0;N/A;SAFE;SAFE;N/A;N/A;N/A;N/A;WIN;N/A;"SAFE


MiniChall.Winner";N/A;N/A;SAFE;N/A;WIN;WIN;N/A;N/A;N/A;N/A;N/A;BTM2;N/A;N/A;TOP3;N/A;N/A;WINNER
Kim Chi;27;Chicago, IL;8;0;N/A;WIN;"HIGH
TEAM";N/A;N/A;N/A;N/A;LOW;N/A;HIGH;N/A;N/A;LOW;N/A;SAFE;SAFE;N/A;N/A;N/A;N/A;N/A;WIN;N/A;N/A;TOP3;N/A;N/A;RUNNERUP
Naomi Smalls;21;Redlands, CA;8;0;N/A;LOW;"HIGH
TEAM";N/A;N/A;N/A;N/A;HIGH;N/A;WIN;N/A;N/A;SAFE;N/A;"SAFE

TeamCaptain";BTM2;N/A;N/A;N/A;N/A;N/A;HIGH;N/A;N/A;TOP3;N/A;N/A;RUNNERUP
Chi Chi DeVayne;29;Shreveport, LA;8;0;N/A;SAFE;BTM2;N/A;N/A;N/A;N/A;BTM2;N/A;LOW;N/A;N/A;"WIN

TeamCaptain";N/A;SAFE;SAFE;N/A;N/A;N/A;N/A;N/A;"HIGH 


MiniChall.Winner";N/A;N/A;ELIM;N/A;N/A;GUEST
Derrick Barry;32;Las Vegas, NV;8;0;N/A;HIGH;LOW;N/A;N/A;N/A;N/A;"WIN


MiniChall.Winner";N/A;BTM2;N/A;N/A;SAFE;N/A;LOW;HIGH;N/A;N/A;N/A;N/A;N/A;ELIM;N/A;N/A;;N/A;N/A;GUEST
Thorgy Thor;31;Brooklyn, NY;8;0;N/A;SAFE;SAFE;N/A;N/A;N/A;N/A;ELIM;N/A;SAFE;N/A;N/A;HIGH;N/A;HIGH;HIGH;N/A;N/A;N/A;N/A;N/A;;N/A;N/A;;N/A;N/A;GUEST
Robbie Turner;33;Seattle, WA;8;0;N/A;"LOW 


MiniChall.Winner";WIN;N/A;N/A;N/A;N/A;;N/A;ELIM;N/A;N/A;SAFE;N/A;BTM2;LOW;N/A;N/A;N/A;N/A;N/A;;N/A;N/A;;N/A;N/A;GUEST
Acid Betty;38;Brooklyn, NY;8;0;N/A;HIGH;SAFE;N/A;N/A;N/A;N/A;;N/A;;N/A;N/A;HIGH;N/A;HIGH;ELIM;N/A;N/A;N/A;N/A;N/A;;N/A;N/A;;N/A;N/A;GUEST
Naysha Lopez;31;Chicago, IL;8;0;N/A;ELIM;ELIM;N/A;N/A;N/A;N/A;;N/A;;N/A;N/A;;N/A;"RTRN
+
SAFE

TeamCaptain";;N/A;N/A;N/A;N/A;N/A;;N/A;N/A;;N/A;N/A;GUEST
Cynthia Lee Fontaine;34;Austin, TX;8;1;N/A;SAFE;;N/A;N/A;N/A;N/A;;N/A;;N/A;N/A;"SAFE

TeamCaptain";N/A;ELIM;;N/A;N/A;N/A;N/A;N/A;;N/A;N/A;;N/A;N/A;MISSCON
Dax ExclamationPoint;31;Savannah, GA;8;0;N/A;SAFE;;N/A;N/A;N/A;N/A;;N/A;;N/A;N/A;ELIM;N/A;;;N/A;N/A;N/A;N/A;N/A;;N/A;N/A;;N/A;N/A;GUEST
Laila McQueen;22;Gloucester, MA;8;0;N/A;BTM2;;N/A;N/A;N/A;N/A;;N/A;;N/A;N/A;ELIM;N/A;;;N/A;N/A;N/A;N/A;N/A;;N/A;N/A;;N/A;N/A;GUEST
Sasha Velour;29;Brooklyn, NY;9;0;N/A;HIGH;N/A;WIN;N/A;HIGH;SAFE;WIN;N/A;HIGH;N/A;N/A;SAFE;N/A;LOW;HIGH;N/A;N/A;N/A;N/A;N/A;"HIGH 


MiniChall.Winner";N/A;N/A;N/A;N/A;TOP4;WINNER
Peppermint;37;New York, NY;9;0;N/A;SAFE;N/A;LOW;N/A;SAFE;SAFE;HIGH;N/A;SAFE;N/A;N/A;HIGH;N/A;SAFE;BTM2;N/A;N/A;N/A;N/A;N/A;BTM2;N/A;N/A;N/A;N/A;TOP4;LOST3RDROUND
Shea Coule√©;27;Chicago, IL;9;0;N/A;WIN;N/A;WIN;N/A;SAFE;HIGH;WIN;N/A;BTM2;N/A;N/A;WIN;N/A;HIGH;SAFE;N/A;N/A;N/A;N/A;N/A;WIN;N/A;N/A;N/A;N/A;TOP4;LOST2NDROUND
Trinity Taylor;31;Orlando, FL;9;0;N/A;SAFE;N/A;"BTM2

TeamCaptain";N/A;SAFE;HIGH;HIGH;N/A;WIN;N/A;N/A;SAFE;N/A;WIN;SAFE;N/A;N/A;N/A;N/A;N/A;LOW;N/A;N/A;N/A;N/A;TOP4;LOST1STROUND
Alexis Michelle;33;New York, NY;9;0;N/A;SAFE;N/A;"HIGH
TEAM";N/A;SAFE;SAFE;LOW;N/A;LOW;N/A;N/A;"HIGH 


MiniChall.Winner";N/A;SAFE;WIN;N/A;N/A;N/A;N/A;N/A;ELIM;N/A;N/A;N/A;N/A;;GUEST
Nina Bo'nina Brown;34;Riverdale, GA;9;0;N/A;HIGH;N/A;SAFE;N/A;WIN;"SAFE

TeamCaptain";BTM2;N/A;ELIM;N/A;N/A;LOW;N/A;BTM2;HIGH;N/A;N/A;N/A;N/A;N/A;;N/A;N/A;N/A;N/A;;GUEST
Valentina;25;Echo Park, CA;9;1;N/A;LOW;N/A;"HIGH
TEAM";N/A;SAFE;WIN;ELIM;N/A;;N/A;N/A;SAFE;N/A;HIGH;SAFE;N/A;N/A;N/A;N/A;N/A;;N/A;N/A;N/A;N/A;;GUEST
Farrah Moan;23;Las Vegas, NV;9;0;N/A;BTM2;N/A;"HIGH
TEAM";N/A;SAFE;SAFE;;N/A;;N/A;N/A;BTM2;N/A;SAFE;LOW;N/A;N/A;N/A;N/A;N/A;;N/A;N/A;N/A;N/A;;GUEST
Aja;22;Brooklyn, NY;9;0;N/A;SAFE;N/A;"HIGH
TEAM 

TeamCaptain";N/A;SAFE;SAFE;;N/A;;N/A;N/A;SAFE;N/A;ELIM;SAFE;N/A;N/A;N/A;N/A;N/A;;N/A;N/A;N/A;N/A;;GUEST
Cynthia Lee Fontaine;35;Austin, TX;9;0;N/A;SAFE;N/A;SAFE;N/A;IN;"SAFE

TeamCaptain";;N/A;;N/A;N/A;BTM2;N/A;;ELIM;N/A;N/A;N/A;N/A;N/A;;N/A;N/A;N/A;N/A;;GUEST
Eureka O'Hara (departed);25;Johnson City, TN;9;0;N/A;SAFE;N/A;SAFE;N/A;HIGH;SAFE;;N/A;;N/A;N/A;"SAFE
+
DEPT";N/A;;;N/A;N/A;N/A;N/A;N/A;;N/A;N/A;N/A;N/A;;GUEST
Charlie Hides;52;Boston, MA;9;0;N/A;ELIM;N/A;ELIM;N/A;SAFE;LOW;;N/A;;N/A;N/A;;N/A;;;N/A;N/A;N/A;N/A;N/A;;N/A;N/A;N/A;N/A;;GUEST
Kimora Blac;28;Las Vegas, NV;9;0;N/A;;N/A;;N/A;SAFE;BTM2;;N/A;;N/A;N/A;;N/A;;;N/A;N/A;N/A;N/A;N/A;;N/A;N/A;N/A;N/A;;GUEST
Jaymes Mansfield;26;Milwaukee, WI;9;0;N/A;;N/A;;N/A;SAFE;ELIM;;N/A;;N/A;N/A;;N/A;;;N/A;N/A;N/A;N/A;N/A;;N/A;N/A;N/A;N/A;;GUEST
Aquaria;21;"Brooklyn,
NY";10;0;N/A;SAFE;N/A;SAFE;N/A;WIN;N/A;SAFE;SAFE;N/A;N/A;N/A;SAFE;LOW;"HIGH 
Mini Chall. Winner";WIN;N/A;N/A;N/A;N/A;N/A;"WIN
Mini Chall. Winner";N/A;N/A;N/A;N/A;TOP 4;WINNER
Eureka O'Hara ;27;"Johnson City,
TN";10;0;N/A;SAFE;N/A;WIN;N/A;HIGH;N/A;HIGH;WIN;N/A;N/A;N/A;BTM2;SAFE;BTM2;"HIGH 
Mini Chall. Winner";N/A;N/A;N/A;N/A;N/A;SAFE;N/A;N/A;N/A;N/A;TOP 4;LOST 3RD ROUND
Kameron Michaels;31;"Nashville,
TN";10;0;N/A;SAFE;N/A;SAFE;N/A;BTM2;N/A;LOW;"HIGH
TEAM";N/A;N/A;N/A;"HIGH
TEAM";WIN;BTM2;SAFE;N/A;N/A;N/A;N/A;N/A;HIGH;N/A;N/A;N/A;N/A;TOP 4;LOST 3RD ROUND
Asia O'Hara;35;"Dallas,
TX";10;0;N/A;SAFE;N/A;SAFE;N/A;"HIGH 
Mini Chall. Winner";N/A;WIN;"SAFE
Mini Chall. Winner";N/A;N/A;N/A;"SAFE
Team Captain";"BTM2
Mini Chall. Winner";WIN;LOW;N/A;N/A;N/A;N/A;N/A;LOW;N/A;N/A;N/A;N/A;TOP 4;LOST 1ST ROUND
Miz Cracker;33;"Harlem,
NY";10;0;N/A;HIGH;N/A;HIGH;N/A;ELIM;N/A;SAFE;LOW;N/A;N/A;N/A;"HIGH
TEAM";SAFE;LOW;SAFE;N/A;N/A;N/A;N/A;N/A;HIGH;N/A;N/A;N/A;N/A;;GUEST
Monet X Change;27;"The Bronx,
NY";10;1;N/A;"SAFE
Mini Chall. Winner";N/A;BTM2;N/A;;N/A;"SAFE
Team Captain";"HIGH
TEAM";N/A;N/A;N/A;"HIGH
TEAM";HIGH;HIGH;HIGH;N/A;N/A;N/A;N/A;N/A;BTM2;N/A;N/A;N/A;N/A;;MISSCON
The Vixen;26;"Chicago,
IL";10;0;N/A;SAFE;N/A;"LOW 
Mini Chall. Winner";N/A;;N/A;SAFE;BTM2;N/A;N/A;N/A;"WIN
Team Captain";ELIM;;BTM2;N/A;N/A;N/A;N/A;N/A;SAFE;N/A;N/A;N/A;N/A;;GUEST
Monique Heart;31;"Kansas City,
MO";10;0;N/A;SAFE;N/A;HIGH;N/A;;N/A;"SAFE
Team
Captain";SAFE;N/A;N/A;N/A;LOW;;;ELIM;N/A;N/A;N/A;N/A;N/A;SAFE;N/A;N/A;N/A;N/A;;GUEST
Blair St. Clair;22;"Indianapolis,
IN";10;0;N/A;HIGH;N/A;SAFE;N/A;;N/A;"HIGH 
Team Captain";ELIM;N/A;N/A;N/A;"HIGH
TEAM";;;;N/A;N/A;N/A;N/A;N/A;SAFE;N/A;N/A;N/A;N/A;;GUEST
Mayhem Miller;35;"Riverside,
CA";10;0;N/A;WIN;N/A;ELIM;N/A;;N/A;BTM2;;N/A;N/A;N/A;"HIGH
TEAM";;;;N/A;N/A;N/A;N/A;N/A;SAFE;N/A;N/A;N/A;N/A;;GUEST
Dusty Ray Bottoms;29;"New York,
NY";10;0;N/A;LOW;N/A;;N/A;;N/A;SAFE;;N/A;N/A;N/A;SAFE;;;;N/A;N/A;N/A;N/A;N/A;ELIM;N/A;N/A;N/A;N/A;;GUEST
Yuhua Hamasaki;27;"New York,
NY";10;0;N/A;HIGH;N/A;;N/A;;N/A;ELIM;;N/A;N/A;N/A;SAFE;;;;N/A;N/A;N/A;N/A;N/A;;N/A;N/A;N/A;N/A;;GUEST
Kalorie Karbdashian-Williams;27;"Albuquerque,
NM";10;0;N/A;BTM2;N/A;;N/A;;N/A;;;N/A;N/A;N/A;ELIM;;;;N/A;N/A;N/A;N/A;N/A;;N/A;N/A;N/A;N/A;;GUEST
Vanessa Vanjie Mateo;25;"Tampa,
FL";10;0;N/A;ELIM;N/A;;N/A;;N/A;;;N/A;N/A;N/A;;;;;N/A;N/A;N/A;N/A;N/A;;N/A;N/A;N/A;N/A;;GUEST
Yvie Oddly;24;"Denver,
CO";11;0;N/A;SAFE;N/A;"HIGH
TEAM";SAFE;N/A;"HIGH
TEAM";N/A;N/A;LOW;N/A;N/A;HIGH;N/A;WIN;BTM2;HIGH;N/A;SAFE;N/A;N/A;HIGH;N/A;N/A;N/A;N/A;HIGH;WINNER
BrookeLynnHytes;32;"Nashville,
TN";11;0;N/A;WIN;N/A;"HIGH
TEAM";"HIGH 


MiniChall.Winner";N/A;"WIN

TeamCaptain";N/A;N/A;"WIN


MiniChall.Winner";N/A;N/A;HIGH;N/A;"LOW 

TeamCaptain";BTM2;HIGH;N/A;HIGH;N/A;N/A;WIN;N/A;N/A;N/A;N/A;BTM2;LOST3RDROUND
A'KeriaChanelDavenport;30;"Dallas,
TX";11;0;N/A;HIGH;N/A;BTM6;WIN;N/A;"HIGH
TEAM";N/A;N/A;HIGH;N/A;N/A;SAFE;N/A;SAFE;SAFE;BTM2;N/A;SAFE;N/A;N/A;SAFE;N/A;N/A;N/A;N/A;HIGH;LOST2NDROUND
SilkyNutmegGanache;28;"Chicago,
IL";11;0;N/A;"SAFE


MiniChall.Winner";N/A;"HIGH
TEAM";HIGH;N/A;SAFE;N/A;N/A;BTM2;N/A;N/A;WIN;N/A;"SAFE

TeamCaptain";"WIN


MiniChall.Winner";SAFE;N/A;LOW;N/A;N/A;LOW;N/A;N/A;N/A;N/A;LOW;LOST1STROUND
VanessaVanjieMateo;26;"Los Angeles,
CA";11;0;N/A;HIGH;N/A;"HIGH
TEAM";BTM2;N/A;LOW;N/A;N/A;HIGH;N/A;N/A;LOW;N/A;SAFE;LOW;SAFE;N/A;"BTM2


MiniChall.Winner";N/A;N/A;SAFE;N/A;N/A;N/A;N/A;ELIM;GUEST
NinaWest;39;"Columbus,
OH";11;1;N/A;LOW;N/A;"WIN

TeamCaptain";SAFE;N/A;"HIGH
TEAM";N/A;N/A;ELIM;N/A;N/A;SAFE;N/A;SAFE;HIGH;"LOW 


MiniChall.Winner";N/A;WIN;N/A;N/A;SAFE;N/A;N/A;N/A;N/A;;MISSCON
ShugaCain;40;"New York,
NY";11;0;N/A;SAFE;N/A;BTM6;LOW;N/A;"SAFE

TeamCaptain";N/A;N/A;GUEST;N/A;N/A;SAFE;N/A;HIGH;HIGH;"SAFE


MiniChall.Winner";N/A;ELIM;N/A;N/A;BTM2;N/A;N/A;N/A;N/A;;GUEST
PlastiqueTiara;21;"Dallas,
TX";11;0;N/A;HIGH;N/A;BTM6;ELIM;N/A;BTM2;N/A;N/A;GUEST;N/A;N/A;SAFE;N/A;HIGH;SAFE;WIN;N/A;;N/A;N/A;HIGH;N/A;N/A;N/A;N/A;;GUEST
Ra'JahO'Hara;33;"Dallas,
TX";11;0;N/A;SAFE;N/A;"BTM6

TeamCaptain";;N/A;ELIM;N/A;N/A;;N/A;N/A;BTM2;N/A;SAFE;;ELIM;N/A;;N/A;N/A;"SAFE


MiniChall.Winner";N/A;N/A;N/A;N/A;;GUEST
ScarletEnvy;26;"Brooklyn,
NY";11;0;N/A;SAFE;N/A;BTM6;;N/A;N/A;N/A;N/A;GUEST;N/A;N/A;"SAFE


MiniChall.Winner";N/A;WIN;;;N/A;;N/A;N/A;SAFE;N/A;N/A;N/A;N/A;;GUEST
ArielVersace;26;"Cherry Hill,
NJ";11;0;N/A;SAFE;N/A;"HIGH
TEAM";;N/A;N/A;N/A;N/A;GUEST;N/A;N/A;SAFE;N/A;LOW;;;N/A;;N/A;N/A;ELIM;N/A;N/A;N/A;N/A;;GUEST
MercedesImanDiamond;31;"Minneapolis,
MN";11;0;N/A;LOW;N/A;"HIGH
TEAM";;N/A;N/A;N/A;N/A;;N/A;N/A;ELIM;N/A;BTM2;;;N/A;;N/A;N/A;;N/A;N/A;N/A;N/A;;GUEST
Honey Davenport;32;"New York,
NY";11;0;N/A;SAFE;N/A;ELIM;;N/A;N/A;N/A;N/A;GUEST;N/A;N/A;;N/A;SAFE;;;N/A;;N/A;N/A;;N/A;N/A;N/A;N/A;;GUEST
Kahanna Montrese;25;"Las Vegas,
NV";11;0;N/A;BTM2;N/A;;;N/A;N/A;N/A;N/A;;N/A;N/A;;N/A;ELIM;;;N/A;;N/A;N/A;;N/A;N/A;N/A;N/A;;GUEST
Soju;27;"Chicago,
IL";11;0;N/A;ELIM;N/A;;;N/A;N/A;N/A;N/A;GUEST;N/A;N/A;;N/A;;;;N/A;;N/A;N/A;;N/A;N/A;N/A;N/A;;GUEST
"JaidaEssence Hall
(Group 2)";32;"Milwaukee,
WI";12;0;N/A;N/A;N/A;"SAFE

TeamCaptain";WIN;N/A;N/A;HIGH;N/A;WIN;N/A;N/A;SAFE;N/A;SAFE;SAFE;N/A;N/A;BTM2;N/A;N/A;HIGH;N/A;N/A;N/A;N/A;;WINNER
"CrystalMethyd
(Group 1)";28;"Springfield,
MO";12;0;N/A;N/A;N/A;LOW;HIGH;N/A;N/A;HIGH;N/A;HIGH;N/A;N/A;HIGH;N/A;SAFE;LOW;N/A;N/A;WIN;N/A;N/A;SAFE;N/A;N/A;N/A;N/A;SAFE;RUNNERUP
"GigiGoode
(Group 1)";21;"Los Angeles,
CA";12;0;N/A;N/A;N/A;SAFE;LOW;N/A;N/A;"LOW 


MiniChall.Winner";N/A;SAFE;N/A;N/A;WIN;N/A;HIGH;WIN;N/A;N/A;SAFE;N/A;N/A;"WIN


MiniChall.Winner";N/A;N/A;N/A;N/A;TOP2;RUNNERUP
"Sherry Pie
(Group 2)";27;New York, NY;12;0;N/A;N/A;N/A;WIN;SAFE;N/A;N/A;LOW;N/A;HIGH;N/A;N/A;SAFE;N/A;WIN;HIGH;N/A;N/A;LOW;N/A;N/A;SAFE;N/A;N/A;N/A;N/A;;
"Jackie Cox
(Group 1)";34;New York, NY;12;0;N/A;N/A;N/A;HIGH;"BTM2


MiniChall.Winner";N/A;N/A;"HIGH 


MiniChall.Winner";N/A;BTM2;N/A;N/A;LOW;N/A;HIGH;HIGH;N/A;N/A;"HIGH 


MiniChall.Winner";N/A;N/A;SAFE;N/A;N/A;N/A;N/A;HIGH;GUEST
"Heidi NCloset
(Group 1)";24;"Ramseur,
NC";12;1;N/A;N/A;N/A;"HIGH 

TeamCaptain";HIGH;N/A;N/A;WIN;N/A;BTM2;N/A;N/A;BTM2;N/A;BTM2;SAFE;N/A;N/A;ELIM;N/A;N/A;SAFE;N/A;N/A;N/A;N/A;LOW;MISSCON
"WidowVon'Du
(Group 1)";30;"Kansas City,
MO";12;0;N/A;N/A;N/A;"SAFE

TeamCaptain";ELIM;N/A;N/A;BTM2;N/A;;N/A;N/A;SAFE;N/A;HIGH;SAFE;N/A;N/A;;N/A;N/A;SAFE;N/A;N/A;N/A;N/A;WIN;GUEST
"Jan
(Group 2)";26;New York, NY;12;0;N/A;N/A;N/A;SAFE;;N/A;N/A;ELIM;N/A;;N/A;N/A;HIGH;N/A;HIGH;SAFE;N/A;N/A;;N/A;N/A;SAFE;N/A;N/A;N/A;N/A;;GUEST
"Brita
(Group 1)";34;New York, NY;12;0;N/A;N/A;N/A;SAFE;;N/A;N/A;;N/A;;N/A;N/A;ELIM;N/A;LOW;BTM2;N/A;N/A;;N/A;N/A;BTM2;N/A;N/A;N/A;N/A;HIGH;GUEST
"AidenZhane
(Group 2)";29;"Acworth,
GA";12;0;N/A;N/A;N/A;"SAFE

TeamCaptain";;N/A;N/A;;N/A;;N/A;N/A;;N/A;HIGH;ELIM;N/A;N/A;;N/A;N/A;LOW;N/A;N/A;N/A;N/A;;GUEST
"Nicky Doll
(Group 1)";28;New York, NY;12;0;N/A;N/A;N/A;BTM2;;N/A;N/A;;N/A;;N/A;N/A;;N/A;ELIM;;N/A;N/A;;N/A;N/A;HIGH;N/A;N/A;N/A;N/A;LOW;GUEST
"Rock M.Sakura
(Group 2)";28;"San
Francisco,
CA";12;0;N/A;N/A;N/A;SAFE;;N/A;N/A;;N/A;;N/A;N/A;;N/A;;;N/A;N/A;;N/A;N/A;ELIM;N/A;N/A;N/A;N/A;;GUEST
"Dahlia Sin
(Group 2)";28;"Los Angeles,
CA";12;0;N/A;N/A;N/A;ELIM;GUEST;N/A;N/A;;N/A;;N/A;N/A;;N/A;GUEST;GUEST;N/A;N/A;GUEST;N/A;N/A;;N/A;N/A;N/A;N/A;;GUEST
Symone;25;"Los Angeles,
CA";13;0;N/A;N/A;N/A;HIGH;N/A;N/A;SAFE;WIN;N/A;WIN;N/A;N/A;BTM2;N/A;WIN;SAFE;N/A;N/A;N/A;N/A;HIGH;SAFE;N/A;N/A;N/A;WIN;TOP4;WINNER
KandyMuse;25;"New York
City, NY";13;0;N/A;N/A;N/A;HIGH;N/A;N/A;BTM2;"HIGH 


MiniChall.Winner";N/A;HIGH;N/A;N/A;BTM2;N/A;HIGH;SAFE;N/A;N/A;N/A;N/A;BTM2;SAFE;N/A;N/A;N/A;WIN;TOP4;LOST3RDROUND
Gottmik;23;"Los Angeles,
CA";13;0;N/A;N/A;N/A;"SAFE


MiniChall.Winner";N/A;N/A;SAFE;LOW;N/A;HIGH;N/A;N/A;HIGH;N/A;SAFE;WIN;N/A;N/A;N/A;N/A;HIGH;WIN;N/A;N/A;N/A;WIN;TOP4;LOST2NDROUND
Ros√©;31;"New York
City, NY";13;0;N/A;N/A;N/A;SAFE;N/A;N/A;SAFE;WIN;N/A;LOW;N/A;N/A;WIN;N/A;HIGH;HIGH;N/A;N/A;N/A;N/A;WIN;HIGH;N/A;N/A;N/A;LOSS;TOP4;LOST1STROUND
Olivia Lux;26;"New York
City, NY";13;0;;;;WIN;N/A;;WIN;LOW;;BTM2;;;SAFE;;SAFE;LOW;;;;;ELIM;SAFE;;;;WIN;TOP4;GUEST
UticaQueen;25;"Minneapolis,
MN";13;0;N/A;N/A;N/A;LOW;N/A;N/A;LOW;BTM2;N/A;WIN;N/A;N/A;SAFE;N/A;SAFE;BTM2;N/A;N/A;N/A;N/A;HIGH;HIGH;N/A;N/A;N/A;LOSS;TOP4;GUEST
TinaBurner;40;"New York
City, NY";13;0;N/A;N/A;N/A;SAFE;N/A;N/A;HIGH;ELIM;N/A;LOW;N/A;N/A;LOW;N/A;SAFE;"SAFE


MiniChall.Winner";N/A;N/A;N/A;N/A;BTM2;SAFE;N/A;N/A;N/A;WIN;TOP4;GUEST
Denali;28;Chicago, IL;13;0;N/A;N/A;N/A;SAFE;N/A;N/A;SAFE;;N/A;ELIM;N/A;N/A;HIGH;N/A;BTM2;HIGH;N/A;N/A;N/A;N/A;HIGH;SAFE;N/A;N/A;N/A;LOSS;TOP4;GUEST
Elliottwith 2 Ts;26;"Las Vegas,
NV";13;0;N/A;N/A;N/A;BTM2;N/A;N/A;"HIGH 


MiniChall.Winner";;N/A;;N/A;N/A;SAFE;N/A;SAFE;ELIM;N/A;N/A;N/A;N/A;WIN;SAFE;N/A;N/A;N/A;LOSS;TOP4;GUEST
LaLa Ri;30;"Atlanta,
GA";13;1;N/A;N/A;N/A;ELIM;N/A;N/A;SAFE;;N/A;;N/A;N/A;;N/A;LOW;;N/A;N/A;N/A;N/A;ELIM;"BTM2


MiniChall.Winner";N/A;N/A;N/A;WIN;TOP4;MISSCON
TamishaIman;49;"Atlanta,
GA";13;0;N/A;N/A;N/A;;N/A;N/A;"ELIM


MiniChall.Winner";;N/A;;N/A;N/A;;N/A;SAFE;;N/A;N/A;N/A;N/A;;LOW;N/A;N/A;N/A;LOSS;TOP4;GUEST
Joey Jay;30;"Phoenix,
AZ";13;0;N/A;N/A;N/A;;N/A;N/A;;;N/A;;N/A;N/A;;N/A;SAFE;;N/A;N/A;N/A;N/A;;ELIM;N/A;N/A;N/A;LOSS;TOP4;GUEST
KahmoraHall;28;Chicago, IL;13;0;N/A;N/A;N/A;;N/A;N/A;;;N/A;;N/A;N/A;;N/A;ELIM;;N/A;N/A;N/A;N/A;;;N/A;N/A;N/A;LOSS;;GUEST
"Willow Pill
(Group 1)";26;"Denver,
CO";14;0;N/A;SAFE;SAFE;"HIGH 


MiniChall.Winner";N/A;N/A;N/A;SAFE;N/A;N/A;N/A;N/A;HIGH;N/A;"HIGH 

TeamCaptain";BTM7;N/A;N/A;N/A;HIGH;HIGH;WIN;N/A;N/A;N/A;"SAFE
(Round 1)";BTM2;WINNER
"Lady Camden
(Group 2)";31;"Sacramento,
CA";14;0;N/A;HIGH;LOW;SAFE;N/A;N/A;N/A;HIGH;N/A;N/A;N/A;N/A;WIN;N/A;SAFE;BTM7;N/A;N/A;N/A;;WIN;SAFE;N/A;N/A;N/A;"SAFE
(Round 2)";WIN;RUNNERUP
"Angeria Paris VanMicheals
(Group 2)";27;"Atlanta,
GA";14;0;N/A;HIGH;HIGH;SAFE;N/A;N/A;N/A;HIGH;N/A;N/A;N/A;N/A;SAFE;N/A;WIN;BTM7;N/A;N/A;N/A;;SAFE;HIGH;N/A;N/A;N/A;"SAFE
(Round 2)";BTM2;ELIM
"Bosco
(Group 1)";28;"Seattle,
WA";14;0;N/A;SAFE;"SAFE


MiniChall.Winner";WIN;N/A;N/A;N/A;WIN;N/A;N/A;N/A;N/A;BTM2;N/A;SAFE;"BTM7


MiniChall.Winner";N/A;N/A;N/A;HIGH;HIGH;SAFE;N/A;N/A;N/A;"SAFE
(Round 3)";LOW;ELIM
"Daya Betty
(Group 2)";25;"Springfield,
MO";14;0;N/A;SAFE;WIN;LOW;N/A;N/A;N/A;SAFE;N/A;N/A;N/A;N/A;HIGH;N/A;SAFE;BTM7;N/A;N/A;N/A;;TOP2;"RTRN
+
SAFE";N/A;N/A;N/A;"SAFE
(Round 1)";HIGH;ELIM
"DeJa Skye
(Group 2)";31;"Fresno,
CA";14;0;N/A;LOW;HIGH;HIGH;N/A;N/A;N/A;SAFE;N/A;N/A;N/A;N/A;LOW;N/A;HIGH;WIN;N/A;N/A;N/A;;SAFE;SAFE;N/A;N/A;N/A;SAFE;;GUEST
"Jorgeous
(Group 2)";21;"Nashville,
TN";14;0;N/A;WIN;SAFE;BTM2;N/A;N/A;N/A;BTM2;N/A;N/A;N/A;N/A;BTM2;N/A;SAFE;BTM7;N/A;N/A;N/A;;HIGH;HIGH;N/A;N/A;N/A;"SAFE
(Round 1)";;GUEST
"Jasmine Kennedie
(Group 2)";22;"New York City,
NY";14;0;N/A;BTM2;BTM2;BTM2;N/A;N/A;N/A;LOW;N/A;N/A;N/A;N/A;;N/A;SAFE;BTM7;N/A;N/A;N/A;;HIGH;SAFE;N/A;N/A;N/A;ELIM;;GUEST
"Kerri Colby
(Group 1)";24;"Los Angeles,
CA";14;0;N/A;SAFE;ELIM;;N/A;N/A;N/A;SAFE;N/A;N/A;N/A;N/A;;N/A;BTM2;;N/A;N/A;N/A;"SAFE


MiniChall.Winner";SAFE;SAFE;N/A;N/A;N/A;;;GUEST
"Maddy Morphosis
(Group 2)";26;"Fayetteville,
AR";14;0;N/A;ELIM;;;N/A;N/A;N/A;SAFE;N/A;N/A;N/A;N/A;;N/A;"SAFE

TeamCaptain";;N/A;N/A;N/A;;;BTM2;N/A;N/A;N/A;;;GUEST
"Orion Story
(Group 1)";25;"Grand Rapids,
MI";14;0;N/A;;;;N/A;N/A;N/A;ELIM;N/A;N/A;N/A;N/A;;N/A;SAFE;;N/A;N/A;N/A;ELIM;;"RTRN
+
LOW";N/A;N/A;N/A;;;GUEST
"Kornbread ""The Snack"" Jet√©
(Group 1)";29;"Los Angeles,
CA";14;1;N/A;;;;N/A;N/A;N/A;DEPT;N/A;N/A;N/A;N/A;;N/A;LOW;;N/A;N/A;N/A;WIN;;SAFE;N/A;N/A;N/A;;;MISSCON
"Alyssa Hunter
(Group 1)";26;"Cata√±o,
PR";14;0;N/A;;;;N/A;N/A;N/A;;N/A;N/A;N/A;N/A;;N/A;ELIM;;N/A;N/A;N/A;LOW;;SAFE;N/A;N/A;N/A;;;GUEST
"June Jambalaya
(Group 1)";29;"Los Angeles,
CA";14;0;N/A;;;;N/A;N/A;N/A;;N/A;N/A;N/A;N/A;;N/A;;;N/A;N/A;N/A;BTM2;;ELIM;N/A;N/A;N/A;;;GUEST
"Sasha Colby
(Group 1)";37;Los Angeles, CA;15;0;N/A;HIGH;HIGH;WIN;N/A;N/A;N/A;WIN;N/A;HIGH;N/A;N/A;HIGH;N/A;SAFE;SAFE;N/A;N/A;LOW;SAFE;N/A;WIN;N/A;N/A;N/A;"SAFE
(Round 1)";WIN;WINNER
"Anetra
(Group 1)";24;Las Vegas, NV;15;0;N/A;SAFE;LOW;SAFE;N/A;N/A;N/A;"SAFE

TeamCaptain";N/A;WIN;N/A;N/A;WIN;N/A;HIGH;SAFE;N/A;N/A;"BTM2


MiniChall.Winner";WIN;N/A;"HIGH 


MiniChall.Winner";N/A;N/A;N/A;"SAFE
(Round 3)";BTM2;RUNNERUP
"Luxx Noir London
(Group 1)";22;East Orange, NJ;15;0;N/A;WIN;SAFE;HIGH;N/A;N/A;N/A;HIGH;N/A;BTM2;N/A;N/A;HIGH;N/A;SAFE;SAFE;N/A;N/A;WIN;SAFE;N/A;SAFE;N/A;N/A;N/A;"SAFE
(Round 2)";HIGH;ELIM
"Mistress Isabelle Brooks
(Group 2)";24;Houston, TX;15;0;N/A;SAFE;HIGH;LOW;N/A;N/A;N/A;SAFE;N/A;HIGH;N/A;N/A;HIGH;N/A;WIN;HIGH;N/A;N/A;HIGH;SAFE;N/A;HIGH;N/A;N/A;N/A;"SAFE
(Round 1)";BTM2;ELIM
"Loosey LaDuca
(Group 2)";32;Ansonia, CT;15;0;N/A;"SAFE


MiniChall.Winner";SAFE;HIGH;N/A;N/A;N/A;HIGH;N/A;"ELIM


MiniChall.Winner";N/A;N/A;BTM2;N/A;SAFE;WIN;N/A;N/A;WIN;"LOW 


MiniChall.Winner";N/A;LOW;N/A;N/A;N/A;"SAFE
(Round 1)";;GUEST
"Salina EsTitties
(Group 2)";31;Los Angeles, CA;15;0;N/A;BTM2;SAFE;BTM2;N/A;N/A;N/A;SAFE;N/A;;N/A;N/A;ELIM;N/A;SAFE;SAFE;N/A;N/A;HIGH;SAFE;N/A;BTM2;N/A;N/A;N/A;"SAFE
(Round 1)";;GUEST
"MarciaMarciaMarcia
(Group 1)";25;New York, NY;15;0;N/A;SAFE;SAFE;SAFE;N/A;N/A;N/A;SAFE;N/A;;N/A;N/A;;N/A;HIGH;HIGH;N/A;N/A;ELIM;HIGH;N/A;SAFE;N/A;N/A;N/A;"SAFE
(Round 1)";;GUEST
"Malaysia Babydoll Foxx
(Group 1)";32;Miami, FL;15;1;N/A;HIGH;SAFE;ELIM;N/A;N/A;N/A;SAFE;N/A;;N/A;N/A;;N/A;HIGH;SAFE;N/A;N/A;;SAFE;N/A;SAFE;N/A;N/A;N/A;"SAFE
(Round 2)";;MISSCON
"Spice
(Group 2)";23;Los Angeles, CA;15;0;N/A;SAFE;SAFE;;N/A;N/A;N/A;SAFE;N/A;;N/A;N/A;;N/A;LOW;BTM2;N/A;N/A;;SAFE;N/A;ELIM;N/A;N/A;N/A;"SAFE
(Round 3)";;GUEST
"Jax
(Group 2)";25;Queens, NY;15;0;N/A;LOW;BTM2;;N/A;N/A;N/A;LOW;N/A;;N/A;N/A;;N/A;BTM2;SAFE;N/A;N/A;;HIGH;N/A;;N/A;N/A;N/A;ELIM;;GUEST
"Aura Mayari
(Group 1)";30;Nashville, TN;15;0;N/A;SAFE;WIN;;N/A;N/A;N/A;SAFE;N/A;;N/A;N/A;;N/A;ELIM;LOW;N/A;N/A;;SAFE;N/A;;N/A;N/A;N/A;;;GUEST
"Robin Fierce
(Group 2)";26;Hartford, CT;15;0;N/A;HIGH;ELIM;;N/A;N/A;N/A;SAFE;N/A;;N/A;N/A;;N/A;;SAFE;N/A;N/A;;SAFE;N/A;;N/A;N/A;N/A;;;GUEST
"Amethyst
(Group 2)";27;West Hartford, CT;15;0;N/A;ELIM;;;N/A;N/A;N/A;"BTM2

TeamCaptain";N/A;;N/A;N/A;;N/A;;SAFE;N/A;N/A;;BTM2;N/A;;N/A;N/A;N/A;;;GUEST
"Sugar
(Group 2)";23;Los Angeles, CA;15;0;N/A;;;;N/A;N/A;N/A;SAFE;N/A;;N/A;N/A;;N/A;;ELIM;N/A;N/A;;SAFE;N/A;;N/A;N/A;N/A;;;GUEST
"Princess Poppy
(Group 1)";26;San Francisco, CA;15;0;N/A;;;;N/A;N/A;N/A;ELIM;N/A;;N/A;N/A;;N/A;;;N/A;N/A;;SAFE;N/A;;N/A;N/A;N/A;;;GUEST
"Irene Dubois
(Group 1)";29;Seattle, WA;15;0;N/A;;;;N/A;N/A;N/A;;N/A;;N/A;N/A;;N/A;;;N/A;N/A;;"ELIM


MiniChall.Winner";N/A;;N/A;N/A;N/A;;;GUEST
"Nymphia Wind
(Group 2)";27;"Brooklyn,
NY";16;0;N/A;SAFE;WIN;N/A;N/A;N/A;N/A;WIN;N/A;HIGH;N/A;N/A;SAFE;N/A;SAFE;LOW;"HIGH 


MiniChall.Winner";LOW;HIGH;;N/A;WIN;N/A;N/A;N/A;RUN;SAFE;Finale
"Sapphira Crist√°l
(Group 1)";34;"Philadelphia,
PA";16;0;N/A;SAFE;"SAFE

TeamCaptain";N/A;N/A;N/A;N/A;"HIGH 


MiniChall.Winner";N/A;BTM2;N/A;N/A;HIGH;N/A;SAFE;HIGH;HIGH;WIN;"WIN


MiniChall.Winner";"WIN


MiniChall.Winner";N/A;HIGH;N/A;N/A;N/A;RUN;WIN;WINNER
"Plane Jane
(Group 2)";24;"Boston,
MA";16;0;N/A;HIGH;SAFE;N/A;N/A;N/A;N/A;BTM2;N/A;WIN;N/A;N/A;SAFE;N/A;HIGH;WIN;HIGH;"WIN


MiniChall.Winner";SAFE;;N/A;SAFE;N/A;N/A;N/A;RUN;LOW;MISSCON+RUNNERUP
"Q
(Group 1)";26;"Kansas City,
MO";16;0;N/A;WIN;BTM2;N/A;N/A;N/A;N/A;ELIM;N/A;HIGH;N/A;N/A;HIGH;N/A;HIGH;SAFE;WIN;LOW;SAFE;TOP2;N/A;HIGH;N/A;N/A;N/A;LOST1STROUND;LOW;ELIM
"Morphine Love Dion
(Group 1)";25;"Miami,
FL";16;0;N/A;SAFE;SAFE;N/A;N/A;N/A;N/A;;N/A;ELIM;N/A;N/A;LOW;N/A;SAFE;BTM2;LOW;BTM2;BTM2;SAFE;N/A;SAFE;N/A;N/A;N/A;WINNER;TOP2;GUEST
"Dawn
(Group 1)";24;"Brooklyn,
NY";16;0;N/A;HIGH;SAFE;N/A;N/A;N/A;N/A;;N/A;;N/A;N/A;SAFE;N/A;SAFE;SAFE;HIGH;ELIM;LOW;SAFE;N/A;SAFE;N/A;N/A;N/A;LOST1STROUND;HIGH;GUEST
"Mhi'ya Iman Le'Paige
(Group 2)";34;"Miami,
FL";16;0;N/A;BTM2;WIN;N/A;N/A;N/A;N/A;;N/A;;N/A;N/A;BTM2;N/A;LOW;HIGH;BTM2;;ELIM;;N/A;LOW;N/A;N/A;N/A;LOST3RDROUND;HIGH;GUEST
"Plasma
(Group 2)";24;"New York,
NY";16;0;N/A;LOW;"SAFE

TeamCaptain";N/A;N/A;N/A;N/A;;N/A;;N/A;N/A;WIN;N/A;WIN;SAFE;ELIM;;;;N/A;SAFE;N/A;N/A;N/A;LOST1STROUND;;GUEST
"Xunami Muse
(Group 1)";33;"New York,
NY";16;1;N/A;"SAFE


MiniChall.Winner";SAFE;N/A;N/A;N/A;N/A;;N/A;;N/A;N/A;SAFE;N/A;SAFE;"ELIM


MiniChall.Winner";;;;SAFE;N/A;SAFE;N/A;N/A;N/A;LOST1STROUND;;GUEST
"Megami
(Group 2)";33;"Brooklyn,
NY";16;0;N/A;SAFE;WIN;N/A;N/A;N/A;N/A;;N/A;;N/A;N/A;ELIM;N/A;SAFE;;;;;;N/A;SAFE;N/A;N/A;N/A;LOST4THROUND;;MISSCON
"Geneva Karr
(Group 2)";30;"Brownsville,
TX";16;0;N/A;ELIM;"WIN

TeamCaptain";N/A;N/A;N/A;N/A;;N/A;;N/A;N/A;;N/A;BTM2;;;;;;N/A;BTM2;N/A;N/A;N/A;LOST1STROUND;;GUEST
"Amanda Tori Meating
(Group 1)";26;"Los Angeles,
CA";16;0;N/A;;ELIM;N/A;N/A;N/A;N/A;;N/A;;N/A;N/A;;N/A;SAFE;;;;;SAFE;N/A;SAFE;N/A;N/A;N/A;LOST2NDROUND;;GUEST
"Mirage
(Group 1)";26;"Las Vegas,
NV";16;0;N/A;;;N/A;N/A;N/A;N/A;;N/A;;N/A;N/A;;N/A;ELIM;;;;;SAFE;N/A;SAFE;N/A;N/A;N/A;LOST2NDROUND;;GUEST
"Hershii LiqCour-Jet√©
(Group 2)";31;"Los Angeles,
CA";16;0;N/A;;;N/A;N/A;N/A;N/A;;N/A;;N/A;N/A;;N/A;;;;;;;N/A;ELIM;N/A;N/A;N/A;LOST1STROUND;;GUEST
"Onya Nurve
(Group 2)";31;"Cleveland,
OH";17;0;N/A;HIGH;N/A;N/A;N/A;N/A;N/A;HIGH;N/A;"BTM2


MiniChall.Winner";WIN;N/A;HIGH;N/A;HIGH;WIN;LOW;N/A;WIN;RUN;WIN;"SAFE


MiniChall.Winner";N/A;N/A;N/A;RUN;N/A;GUEST
"Jewels Sparkles
(Group 1)";22;"Tampa,
FL";17;0;N/A;SAFE;N/A;N/A;N/A;N/A;N/A;WIN;N/A;BTM2;SAFE;N/A;HIGH;N/A;SAFE;HIGH;WIN;N/A;"SAFE


MiniChall.Winner";TOP2;LOW;SAFE;N/A;N/A;N/A;RUN;N/A;RUNNERUP
"Lexi Love
(Group 2)";33;"Louisville,
KY";17;0;N/A;SAFE;N/A;N/A;N/A;N/A;N/A;HIGH;N/A;LOW;SAFE;N/A;SAFE;N/A;SAFE;HIGH;HIGH;N/A;WIN;RUN;HIGH;"SAFE


MiniChall.Winner";N/A;N/A;N/A;RUN;N/A;ELIM
"Sam Star
(Group 2)";24;"Leeds,
AL";17;0;N/A;WIN;N/A;N/A;N/A;N/A;N/A;BTM2;N/A;WIN;SAFE;N/A;WIN;N/A;LOW;HIGH;SAFE;N/A;BTM2;RUN;HIGH;"HIGH 


MiniChall.Winner";N/A;N/A;N/A;RUN;N/A;ELIM
"Suzie Toot
(Group 1)";24;"Fort Lauderdale,
FL";17;0;N/A;SAFE;N/A;N/A;N/A;N/A;N/A;ELIM;N/A;HIGH;HIGH;N/A;HIGH;N/A;WIN;SAFE;"SAFE


MiniChall.Winner";N/A;SAFE;WIN;HIGH;"SAFE


MiniChall.Winner";N/A;N/A;N/A;WINNER;N/A;GUEST
"Lana Ja'Rae
(Group 2)";22;"New York,
NY";17;0;N/A;SAFE;N/A;N/A;N/A;N/A;N/A;;N/A;;SAFE;N/A;SAFE;N/A;SAFE;BTM2;SAFE;N/A;ELIM;"RUN


MiniChall.Winner";BTM2;BTM2;N/A;N/A;N/A;LOST2NDROUND;N/A;GUEST
"Lydia B Kollins
(Group 1)";23;"Pittsburgh,
PA";17;0;N/A;SAFE;N/A;N/A;N/A;N/A;N/A;;N/A;;SAFE;N/A;SAFE;N/A;BTM2;SAFE;BTM2;N/A;;SAFE;ELIM;"SAFE


MiniChall.Winner";N/A;N/A;N/A;LOST2NDROUND;N/A;GUEST
"Arrietty
(Group 1)";27;"Seattle,
WA";17;0;N/A;HIGH;N/A;N/A;N/A;N/A;N/A;;N/A;;LOW;N/A;SAFE;N/A;BTM2;LOW;HIGH;N/A;;SAFE;;WIN;N/A;N/A;N/A;LOST1STROUND;N/A;GUEST
"Kori King
(Group 2)";24;"Boston,
MA";17;0;N/A;LOW;N/A;N/A;N/A;N/A;N/A;;N/A;;BTM2;N/A;BTM2;N/A;SAFE;SAFE;ELIM;N/A;;RUN;;SAFE;N/A;N/A;N/A;LOST3RDROUND;N/A;GUEST
"Acacia Forgot
(Group 1)";27;"Los Angeles,
CA";17;0;N/A;SAFE;N/A;N/A;N/A;N/A;N/A;;N/A;;SAFE;N/A;ELIM;N/A;SAFE;SAFE;;N/A;;BTM2;;"LOW 


MiniChall.Winner";N/A;N/A;N/A;LOST1STROUND;N/A;GUEST
"Crystal Envy
(Group 2)";26;"Asbury Park,
NJ";17;1;N/A;SAFE;N/A;N/A;N/A;N/A;N/A;;N/A;;HIGH;N/A;;N/A;SAFE;ELIM;;N/A;;RUN;;HIGH;N/A;N/A;N/A;LOST1STROUND;N/A;MISSCON
"Hormona Lisa
(Group 2)";30;"Chattanooga,
TN";17;0;N/A;SAFE;N/A;N/A;N/A;N/A;N/A;;N/A;;SAFE;N/A;;N/A;HIGH;;;N/A;;RUN;;ELIM;N/A;N/A;N/A;LOST1STROUND;N/A;GUEST
"Joella
(Group 1)";24;"Los Angeles,
CA";17;0;N/A;BTM2;N/A;N/A;N/A;N/A;N/A;;N/A;;ELIM;N/A;;N/A;;;;N/A;;SAFE;;;N/A;N/A;N/A;LOST1STROUND;N/A;GUEST
"Lucky Starzzz
(Group 1)";28;"Miami,
FL";17;0;N/A;ELIM;N/A;N/A;N/A;N/A;N/A;;N/A;;;N/A;;N/A;;;;N/A;;SAFE;;;N/A;N/A;N/A;LOST2NDROUND;N/A;GUEST